id,title,description,category,price,brand,tags
P001,FitPro Home Gym Product 1,"An excellent home gym product by FitPro, perfect for enhancing your fitness journey.",Home Gym,29.33,FitPro,"dumbbells,weights,strength,training"
P002,TrackFit Strength Training Product 2,"An excellent strength training product by TrackFit, perfect for enhancing your fitness journey.",Strength Training,44.07,TrackFit,"protein,whey,muscle,recovery"
P003,FitPro Recovery Product 3,"An excellent recovery product by FitPro, perfect for enhancing your fitness journey.",Recovery,49.11,FitPro,"protein,whey,muscle,recovery"
P004,StrongCore Recovery Product 4,"An excellent recovery product by StrongCore, perfect for enhancing your fitness journey.",Recovery,51.39,StrongCore,"cardio,jump,rope,fitness"
P005,MuscleFuel Strength Training Product 5,"An excellent strength training product by MuscleFuel, perfect for enhancing your fitness journey.",Strength Training,18.39,MuscleFuel,"yoga,mat,workout,wellness"
P006,IronFit Recovery Product 6,"An excellent recovery product by IronFit, perfect for enhancing your fitness journey.",Recovery,47.65,IronFit,"kettlebell,weights,training,functional"
P007,TeaHouse Functional Training Product 7,"An excellent functional training product by TeaHouse, perfect for enhancing your fitness journey.",Functional Training,73.06,TeaHouse,"green tea,metabolism,weight loss,nutrition"
P008,StrongCore Strength Training Product 8,"An excellent strength training product by StrongCore, perfect for enhancing your fitness journey.",Strength Training,44.7,StrongCore,"resistance,strength,muscle,workout"
P009,StrongCore Functional Training Product 9,"An excellent functional training product by StrongCore, perfect for enhancing your fitness journey.",Functional Training,44.5,StrongCore,"protein,whey,muscle,recovery"
P010,StrongCore Recovery Product 10,"An excellent recovery product by StrongCore, perfect for enhancing your fitness journey.",Recovery,27.24,StrongCore,"fitness tracker,wearable,heart rate,steps"
P011,StrongCore Cardio Product 11,"An excellent cardio product by StrongCore, perfect for enhancing your fitness journey.",Cardio,95.63,StrongCore,"dumbbells,weights,strength,training"
P012,TrackFit Wearables Product 12,"An excellent wearables product by TrackFit, perfect for enhancing your fitness journey.",Wearables,20.88,TrackFit,"dumbbells,weights,strength,training"
P013,FitPro Strength Training Product 13,"An excellent strength training product by FitPro, perfect for enhancing your fitness journey.",Strength Training,41.61,FitPro,"fitness tracker,wearable,heart rate,steps"
P014,TrackFit Wearables Product 14,"An excellent wearables product by TrackFit, perfect for enhancing your fitness journey.",Wearables,99.01,TrackFit,"green tea,metabolism,weight loss,nutrition"
P015,TrackFit Wearables Product 15,"An excellent wearables product by TrackFit, perfect for enhancing your fitness journey.",Wearables,41.2,TrackFit,"green tea,metabolism,weight loss,nutrition"
P016,FitPro Yoga & Wellness Product 16,"An excellent yoga & wellness product by FitPro, perfect for enhancing your fitness journey.",Yoga & Wellness,13.87,FitPro,"pre-workout,energy,performance,nutrition"
P017,TrackFit Recovery Product 17,"An excellent recovery product by TrackFit, perfect for enhancing your fitness journey.",Recovery,39.62,TrackFit,"yoga,mat,workout,wellness"
P018,MuscleFuel Functional Training Product 18,"An excellent functional training product by MuscleFuel, perfect for enhancing your fitness journey.",Functional Training,18.31,MuscleFuel,"green tea,metabolism,weight loss,nutrition"
P019,IronFit Home Gym Product 19,"An excellent home gym product by IronFit, perfect for enhancing your fitness journey.",Home Gym,67.34,IronFit,"foam roller,recovery,massage,fitness"
P020,TeaHouse Cardio Product 20,"An excellent cardio product by TeaHouse, perfect for enhancing your fitness journey.",Cardio,61.7,TeaHouse,"green tea,metabolism,weight loss,nutrition"
P021,ZenGear Recovery Product 21,"An excellent recovery product by ZenGear, perfect for enhancing your fitness journey.",Recovery,71.66,ZenGear,"resistance,strength,muscle,workout"
P022,TeaHouse Recovery Product 22,"An excellent recovery product by TeaHouse, perfect for enhancing your fitness journey.",Recovery,42.58,TeaHouse,"protein,whey,muscle,recovery"
P023,ZenGear Wearables Product 23,"An excellent wearables product by ZenGear, perfect for enhancing your fitness journey.",Wearables,13.3,ZenGear,"cardio,jump,rope,fitness"
P024,CardioMax Yoga & Wellness Product 24,"An excellent yoga & wellness product by CardioMax, perfect for enhancing your fitness journey.",Yoga & Wellness,79.03,CardioMax,"protein,whey,muscle,recovery"
P025,TrackFit Functional Training Product 25,"An excellent functional training product by TrackFit, perfect for enhancing your fitness journey.",Functional Training,24.3,TrackFit,"protein,whey,muscle,recovery"
P026,ZenGear Functional Training Product 26,"An excellent functional training product by ZenGear, perfect for enhancing your fitness journey.",Functional Training,92.27,ZenGear,"protein,whey,muscle,recovery"
P027,StrongCore Wearables Product 27,"An excellent wearables product by StrongCore, perfect for enhancing your fitness journey.",Wearables,58.69,StrongCore,"resistance,strength,muscle,workout"
P028,MuscleFuel Yoga & Wellness Product 28,"An excellent yoga & wellness product by MuscleFuel, perfect for enhancing your fitness journey.",Yoga & Wellness,14.02,MuscleFuel,"green tea,metabolism,weight loss,nutrition"
P029,TeaHouse Functional Training Product 29,"An excellent functional training product by TeaHouse, perfect for enhancing your fitness journey.",Functional Training,66.54,TeaHouse,"foam roller,recovery,massage,fitness"
P030,TrackFit Recovery Product 30,"An excellent recovery product by TrackFit, perfect for enhancing your fitness journey.",Recovery,13.63,TrackFit,"yoga,mat,workout,wellness"
P031,TrackFit Home Gym Product 31,"An excellent home gym product by TrackFit, perfect for enhancing your fitness journey.",Home Gym,58.33,TrackFit,"kettlebell,weights,training,functional"
P032,TeaHouse Nutrition Product 32,"An excellent nutrition product by TeaHouse, perfect for enhancing your fitness journey.",Nutrition,47.4,TeaHouse,"green tea,metabolism,weight loss,nutrition"
P033,ZenGear Wearables Product 33,"An excellent wearables product by ZenGear, perfect for enhancing your fitness journey.",Wearables,74.7,ZenGear,"protein,whey,muscle,recovery"
P034,MuscleFuel Cardio Product 34,"An excellent cardio product by MuscleFuel, perfect for enhancing your fitness journey.",Cardio,48.94,MuscleFuel,"foam roller,recovery,massage,fitness"
P035,ZenGear Functional Training Product 35,"An excellent functional training product by ZenGear, perfect for enhancing your fitness journey.",Functional Training,38.7,ZenGear,"cardio,jump,rope,fitness"
P036,BoostMax Functional Training Product 36,"An excellent functional training product by BoostMax, perfect for enhancing your fitness journey.",Functional Training,24.83,BoostMax,"kettlebell,weights,training,functional"
P037,TrackFit Home Gym Product 37,"An excellent home gym product by TrackFit, perfect for enhancing your fitness journey.",Home Gym,89.05,TrackFit,"dumbbells,weights,strength,training"
P038,RecoveryPro Wearables Product 38,"An excellent wearables product by RecoveryPro, perfect for enhancing your fitness journey.",Wearables,91.12,RecoveryPro,"resistance,strength,muscle,workout"
P039,BoostMax Home Gym Product 39,"An excellent home gym product by BoostMax, perfect for enhancing your fitness journey.",Home Gym,38.89,BoostMax,"dumbbells,weights,strength,training"
P040,ZenGear Home Gym Product 40,"An excellent home gym product by ZenGear, perfect for enhancing your fitness journey.",Home Gym,40.18,ZenGear,"protein,whey,muscle,recovery"
P041,RecoveryPro Recovery Product 41,"An excellent recovery product by RecoveryPro, perfect for enhancing your fitness journey.",Recovery,29.35,RecoveryPro,"pre-workout,energy,performance,nutrition"
P042,TrackFit Wearables Product 42,"An excellent wearables product by TrackFit, perfect for enhancing your fitness journey.",Wearables,75.02,TrackFit,"dumbbells,weights,strength,training"
P043,TeaHouse Strength Training Product 43,"An excellent strength training product by TeaHouse, perfect for enhancing your fitness journey.",Strength Training,54.91,TeaHouse,"cardio,jump,rope,fitness"
P044,ZenGear Recovery Product 44,"An excellent recovery product by ZenGear, perfect for enhancing your fitness journey.",Recovery,59.41,ZenGear,"resistance,strength,muscle,workout"
P045,IronFit Recovery Product 45,"An excellent recovery product by IronFit, perfect for enhancing your fitness journey.",Recovery,70.38,IronFit,"kettlebell,weights,training,functional"
P046,RecoveryPro Functional Training Product 46,"An excellent functional training product by RecoveryPro, perfect for enhancing your fitness journey.",Functional Training,61.45,RecoveryPro,"dumbbells,weights,strength,training"
P047,TeaHouse Functional Training Product 47,"An excellent functional training product by TeaHouse, perfect for enhancing your fitness journey.",Functional Training,47.74,TeaHouse,"pre-workout,energy,performance,nutrition"
P048,IronFit Cardio Product 48,"An excellent cardio product by IronFit, perfect for enhancing your fitness journey.",Cardio,24.78,IronFit,"protein,whey,muscle,recovery"
P049,FitPro Functional Training Product 49,"An excellent functional training product by FitPro, perfect for enhancing your fitness journey.",Functional Training,96.36,FitPro,"fitness tracker,wearable,heart rate,steps"
P050,StrongCore Functional Training Product 50,"An excellent functional training product by StrongCore, perfect for enhancing your fitness journey.",Functional Training,68.3,StrongCore,"yoga,mat,workout,wellness"
P051,MuscleFuel Recovery Product 51,"An excellent recovery product by MuscleFuel, perfect for enhancing your fitness journey.",Recovery,53.39,MuscleFuel,"resistance,strength,muscle,workout"
P052,MuscleFuel Home Gym Product 52,"An excellent home gym product by MuscleFuel, perfect for enhancing your fitness journey.",Home Gym,62.79,MuscleFuel,"pre-workout,energy,performance,nutrition"
P053,StrongCore Functional Training Product 53,"An excellent functional training product by StrongCore, perfect for enhancing your fitness journey.",Functional Training,96.22,StrongCore,"cardio,jump,rope,fitness"
P054,BoostMax Cardio Product 54,"An excellent cardio product by BoostMax, perfect for enhancing your fitness journey.",Cardio,88.09,BoostMax,"fitness tracker,wearable,heart rate,steps"
P055,MuscleFuel Recovery Product 55,"An excellent recovery product by MuscleFuel, perfect for enhancing your fitness journey.",Recovery,19.55,MuscleFuel,"protein,whey,muscle,recovery"
P056,IronFit Yoga & Wellness Product 56,"An excellent yoga & wellness product by IronFit, perfect for enhancing your fitness journey.",Yoga & Wellness,97.67,IronFit,"dumbbells,weights,strength,training"
P057,IronFit Nutrition Product 57,"An excellent nutrition product by IronFit, perfect for enhancing your fitness journey.",Nutrition,65.51,IronFit,"dumbbells,weights,strength,training"
P058,ZenGear Functional Training Product 58,"An excellent functional training product by ZenGear, perfect for enhancing your fitness journey.",Functional Training,65.71,ZenGear,"resistance,strength,muscle,workout"
P059,TeaHouse Functional Training Product 59,"An excellent functional training product by TeaHouse, perfect for enhancing your fitness journey.",Functional Training,99.23,TeaHouse,"pre-workout,energy,performance,nutrition"
P060,StrongCore Yoga & Wellness Product 60,"An excellent yoga & wellness product by StrongCore, perfect for enhancing your fitness journey.",Yoga & Wellness,74.5,StrongCore,"protein,whey,muscle,recovery"
P061,TrackFit Strength Training Product 61,"An excellent strength training product by TrackFit, perfect for enhancing your fitness journey.",Strength Training,19.36,TrackFit,"cardio,jump,rope,fitness"
P062,StrongCore Wearables Product 62,"An excellent wearables product by StrongCore, perfect for enhancing your fitness journey.",Wearables,36.55,StrongCore,"kettlebell,weights,training,functional"
P063,StrongCore Yoga & Wellness Product 63,"An excellent yoga & wellness product by StrongCore, perfect for enhancing your fitness journey.",Yoga & Wellness,16.21,StrongCore,"dumbbells,weights,strength,training"
P064,TrackFit Strength Training Product 64,"An excellent strength training product by TrackFit, perfect for enhancing your fitness journey.",Strength Training,57.06,TrackFit,"pre-workout,energy,performance,nutrition"
P065,StrongCore Cardio Product 65,"An excellent cardio product by StrongCore, perfect for enhancing your fitness journey.",Cardio,70.77,StrongCore,"protein,whey,muscle,recovery"
P066,TeaHouse Cardio Product 66,"An excellent cardio product by TeaHouse, perfect for enhancing your fitness journey.",Cardio,35.53,TeaHouse,"dumbbells,weights,strength,training"
P067,MuscleFuel Recovery Product 67,"An excellent recovery product by MuscleFuel, perfect for enhancing your fitness journey.",Recovery,62.41,MuscleFuel,"dumbbells,weights,strength,training"
P068,MuscleFuel Cardio Product 68,"An excellent cardio product by MuscleFuel, perfect for enhancing your fitness journey.",Cardio,86.51,MuscleFuel,"pre-workout,energy,performance,nutrition"
P069,ZenGear Functional Training Product 69,"An excellent functional training product by ZenGear, perfect for enhancing your fitness journey.",Functional Training,61.49,ZenGear,"kettlebell,weights,training,functional"
P070,RecoveryPro Nutrition Product 70,"An excellent nutrition product by RecoveryPro, perfect for enhancing your fitness journey.",Nutrition,52.94,RecoveryPro,"yoga,mat,workout,wellness"
P071,ZenGear Wearables Product 71,"An excellent wearables product by ZenGear, perfect for enhancing your fitness journey.",Wearables,52.82,ZenGear,"protein,whey,muscle,recovery"
P072,FitPro Recovery Product 72,"An excellent recovery product by FitPro, perfect for enhancing your fitness journey.",Recovery,61.05,FitPro,"green tea,metabolism,weight loss,nutrition"
P073,TrackFit Home Gym Product 73,"An excellent home gym product by TrackFit, perfect for enhancing your fitness journey.",Home Gym,40.6,TrackFit,"dumbbells,weights,strength,training"
P074,StrongCore Recovery Product 74,"An excellent recovery product by StrongCore, perfect for enhancing your fitness journey.",Recovery,89.49,StrongCore,"cardio,jump,rope,fitness"
P075,RecoveryPro Nutrition Product 75,"An excellent nutrition product by RecoveryPro, perfect for enhancing your fitness journey.",Nutrition,72.24,RecoveryPro,"fitness tracker,wearable,heart rate,steps"
P076,CardioMax Home Gym Product 76,"An excellent home gym product by CardioMax, perfect for enhancing your fitness journey.",Home Gym,17.34,CardioMax,"pre-workout,energy,performance,nutrition"
P077,StrongCore Recovery Product 77,"An excellent recovery product by StrongCore, perfect for enhancing your fitness journey.",Recovery,52.52,StrongCore,"protein,whey,muscle,recovery"
P078,BoostMax Wearables Product 78,"An excellent wearables product by BoostMax, perfect for enhancing your fitness journey.",Wearables,56.85,BoostMax,"kettlebell,weights,training,functional"
P079,BoostMax Cardio Product 79,"An excellent cardio product by BoostMax, perfect for enhancing your fitness journey.",Cardio,82.21,BoostMax,"green tea,metabolism,weight loss,nutrition"
P080,ZenGear Functional Training Product 80,"An excellent functional training product by ZenGear, perfect for enhancing your fitness journey.",Functional Training,73.4,ZenGear,"cardio,jump,rope,fitness"
P081,StrongCore Strength Training Product 81,"An excellent strength training product by StrongCore, perfect for enhancing your fitness journey.",Strength Training,37.19,StrongCore,"fitness tracker,wearable,heart rate,steps"
P082,BoostMax Strength Training Product 82,"An excellent strength training product by BoostMax, perfect for enhancing your fitness journey.",Strength Training,80.78,BoostMax,"yoga,mat,workout,wellness"
P083,RecoveryPro Home Gym Product 83,"An excellent home gym product by RecoveryPro, perfect for enhancing your fitness journey.",Home Gym,78.06,RecoveryPro,"resistance,strength,muscle,workout"
P084,TeaHouse Recovery Product 84,"An excellent recovery product by TeaHouse, perfect for enhancing your fitness journey.",Recovery,19.15,TeaHouse,"green tea,metabolism,weight loss,nutrition"
P085,CardioMax Wearables Product 85,"An excellent wearables product by CardioMax, perfect for enhancing your fitness journey.",Wearables,47.92,CardioMax,"pre-workout,energy,performance,nutrition"
P086,CardioMax Home Gym Product 86,"An excellent home gym product by CardioMax, perfect for enhancing your fitness journey.",Home Gym,14.9,CardioMax,"protein,whey,muscle,recovery"
P087,ZenGear Nutrition Product 87,"An excellent nutrition product by ZenGear, perfect for enhancing your fitness journey.",Nutrition,95.8,ZenGear,"protein,whey,muscle,recovery"
P088,RecoveryPro Home Gym Product 88,"An excellent home gym product by RecoveryPro, perfect for enhancing your fitness journey.",Home Gym,55.12,RecoveryPro,"foam roller,recovery,massage,fitness"
P089,TrackFit Yoga & Wellness Product 89,"An excellent yoga & wellness product by TrackFit, perfect for enhancing your fitness journey.",Yoga & Wellness,10.31,TrackFit,"kettlebell,weights,training,functional"
P090,FitPro Cardio Product 90,"An excellent cardio product by FitPro, perfect for enhancing your fitness journey.",Cardio,63.07,FitPro,"kettlebell,weights,training,functional"
P091,BoostMax Nutrition Product 91,"An excellent nutrition product by BoostMax, perfect for enhancing your fitness journey.",Nutrition,88.29,BoostMax,"kettlebell,weights,training,functional"
P092,IronFit Yoga & Wellness Product 92,"An excellent yoga & wellness product by IronFit, perfect for enhancing your fitness journey.",Yoga & Wellness,68.26,IronFit,"dumbbells,weights,strength,training"
P093,RecoveryPro Functional Training Product 93,"An excellent functional training product by RecoveryPro, perfect for enhancing your fitness journey.",Functional Training,31.55,RecoveryPro,"yoga,mat,workout,wellness"
P094,BoostMax Yoga & Wellness Product 94,"An excellent yoga & wellness product by BoostMax, perfect for enhancing your fitness journey.",Yoga & Wellness,67.27,BoostMax,"resistance,strength,muscle,workout"
P095,CardioMax Wearables Product 95,"An excellent wearables product by CardioMax, perfect for enhancing your fitness journey.",Wearables,67.16,CardioMax,"dumbbells,weights,strength,training"
P096,MuscleFuel Cardio Product 96,"An excellent cardio product by MuscleFuel, perfect for enhancing your fitness journey.",Cardio,79.94,MuscleFuel,"dumbbells,weights,strength,training"
P097,FitPro Strength Training Product 97,"An excellent strength training product by FitPro, perfect for enhancing your fitness journey.",Strength Training,61.47,FitPro,"foam roller,recovery,massage,fitness"
P098,IronFit Nutrition Product 98,"An excellent nutrition product by IronFit, perfect for enhancing your fitness journey.",Nutrition,35.34,IronFit,"cardio,jump,rope,fitness"
P099,FitPro Home Gym Product 99,"An excellent home gym product by FitPro, perfect for enhancing your fitness journey.",Home Gym,82.94,FitPro,"foam roller,recovery,massage,fitness"
P100,ZenGear Recovery Product 100,"An excellent recovery product by ZenGear, perfect for enhancing your fitness journey.",Recovery,63.31,ZenGear,"green tea,metabolism,weight loss,nutrition"
P101,RecoveryPro Strength Training Product 101,"An excellent strength training product by RecoveryPro, perfect for enhancing your fitness journey.",Strength Training,59.04,RecoveryPro,"fitness tracker,wearable,heart rate,steps"
P102,FitPro Functional Training Product 102,"An excellent functional training product by FitPro, perfect for enhancing your fitness journey.",Functional Training,50.86,FitPro,"cardio,jump,rope,fitness"
P103,TrackFit Home Gym Product 103,"An excellent home gym product by TrackFit, perfect for enhancing your fitness journey.",Home Gym,57.74,TrackFit,"foam roller,recovery,massage,fitness"
P104,RecoveryPro Recovery Product 104,"An excellent recovery product by RecoveryPro, perfect for enhancing your fitness journey.",Recovery,12.77,RecoveryPro,"pre-workout,energy,performance,nutrition"
P105,ZenGear Wearables Product 105,"An excellent wearables product by ZenGear, perfect for enhancing your fitness journey.",Wearables,23.59,ZenGear,"pre-workout,energy,performance,nutrition"
P106,ZenGear Yoga & Wellness Product 106,"An excellent yoga & wellness product by ZenGear, perfect for enhancing your fitness journey.",Yoga & Wellness,87.67,ZenGear,"foam roller,recovery,massage,fitness"
P107,RecoveryPro Nutrition Product 107,"An excellent nutrition product by RecoveryPro, perfect for enhancing your fitness journey.",Nutrition,57.24,RecoveryPro,"green tea,metabolism,weight loss,nutrition"
P108,RecoveryPro Home Gym Product 108,"An excellent home gym product by RecoveryPro, perfect for enhancing your fitness journey.",Home Gym,63.62,RecoveryPro,"resistance,strength,muscle,workout"
P109,RecoveryPro Home Gym Product 109,"An excellent home gym product by RecoveryPro, perfect for enhancing your fitness journey.",Home Gym,32.33,RecoveryPro,"cardio,jump,rope,fitness"
P110,RecoveryPro Cardio Product 110,"An excellent cardio product by RecoveryPro, perfect for enhancing your fitness journey.",Cardio,35.39,RecoveryPro,"foam roller,recovery,massage,fitness"
P111,CardioMax Functional Training Product 111,"An excellent functional training product by CardioMax, perfect for enhancing your fitness journey.",Functional Training,59.38,CardioMax,"cardio,jump,rope,fitness"
P112,FitPro Functional Training Product 112,"An excellent functional training product by FitPro, perfect for enhancing your fitness journey.",Functional Training,80.72,FitPro,"green tea,metabolism,weight loss,nutrition"
P113,StrongCore Home Gym Product 113,"An excellent home gym product by StrongCore, perfect for enhancing your fitness journey.",Home Gym,63.59,StrongCore,"cardio,jump,rope,fitness"
P114,CardioMax Functional Training Product 114,"An excellent functional training product by CardioMax, perfect for enhancing your fitness journey.",Functional Training,78.68,CardioMax,"pre-workout,energy,performance,nutrition"
P115,BoostMax Wearables Product 115,"An excellent wearables product by BoostMax, perfect for enhancing your fitness journey.",Wearables,29.37,BoostMax,"cardio,jump,rope,fitness"
P116,CardioMax Functional Training Product 116,"An excellent functional training product by CardioMax, perfect for enhancing your fitness journey.",Functional Training,72.91,CardioMax,"cardio,jump,rope,fitness"
P117,TeaHouse Home Gym Product 117,"An excellent home gym product by TeaHouse, perfect for enhancing your fitness journey.",Home Gym,50.2,TeaHouse,"kettlebell,weights,training,functional"
P118,StrongCore Yoga & Wellness Product 118,"An excellent yoga & wellness product by StrongCore, perfect for enhancing your fitness journey.",Yoga & Wellness,79.95,StrongCore,"pre-workout,energy,performance,nutrition"
P119,ZenGear Recovery Product 119,"An excellent recovery product by ZenGear, perfect for enhancing your fitness journey.",Recovery,62.45,ZenGear,"yoga,mat,workout,wellness"
P120,IronFit Strength Training Product 120,"An excellent strength training product by IronFit, perfect for enhancing your fitness journey.",Strength Training,45.95,IronFit,"protein,whey,muscle,recovery"
P121,IronFit Recovery Product 121,"An excellent recovery product by IronFit, perfect for enhancing your fitness journey.",Recovery,43.83,IronFit,"kettlebell,weights,training,functional"
P122,StrongCore Wearables Product 122,"An excellent wearables product by StrongCore, perfect for enhancing your fitness journey.",Wearables,32.68,StrongCore,"cardio,jump,rope,fitness"
P123,ZenGear Cardio Product 123,"An excellent cardio product by ZenGear, perfect for enhancing your fitness journey.",Cardio,37.47,ZenGear,"foam roller,recovery,massage,fitness"
P124,BoostMax Strength Training Product 124,"An excellent strength training product by BoostMax, perfect for enhancing your fitness journey.",Strength Training,73.91,BoostMax,"cardio,jump,rope,fitness"
P125,MuscleFuel Nutrition Product 125,"An excellent nutrition product by MuscleFuel, perfect for enhancing your fitness journey.",Nutrition,56.93,MuscleFuel,"kettlebell,weights,training,functional"
P126,MuscleFuel Nutrition Product 126,"An excellent nutrition product by MuscleFuel, perfect for enhancing your fitness journey.",Nutrition,18.98,MuscleFuel,"protein,whey,muscle,recovery"
P127,TrackFit Cardio Product 127,"An excellent cardio product by TrackFit, perfect for enhancing your fitness journey.",Cardio,89.58,TrackFit,"dumbbells,weights,strength,training"
P128,IronFit Functional Training Product 128,"An excellent functional training product by IronFit, perfect for enhancing your fitness journey.",Functional Training,66.23,IronFit,"yoga,mat,workout,wellness"
P129,CardioMax Wearables Product 129,"An excellent wearables product by CardioMax, perfect for enhancing your fitness journey.",Wearables,86.42,CardioMax,"pre-workout,energy,performance,nutrition"
P130,IronFit Recovery Product 130,"An excellent recovery product by IronFit, perfect for enhancing your fitness journey.",Recovery,99.68,IronFit,"cardio,jump,rope,fitness"
P131,FitPro Wearables Product 131,"An excellent wearables product by FitPro, perfect for enhancing your fitness journey.",Wearables,23.7,FitPro,"green tea,metabolism,weight loss,nutrition"
P132,StrongCore Nutrition Product 132,"An excellent nutrition product by StrongCore, perfect for enhancing your fitness journey.",Nutrition,89.78,StrongCore,"fitness tracker,wearable,heart rate,steps"
P133,IronFit Strength Training Product 133,"An excellent strength training product by IronFit, perfect for enhancing your fitness journey.",Strength Training,31.51,IronFit,"dumbbells,weights,strength,training"
P134,CardioMax Functional Training Product 134,"An excellent functional training product by CardioMax, perfect for enhancing your fitness journey.",Functional Training,58.86,CardioMax,"cardio,jump,rope,fitness"
P135,ZenGear Cardio Product 135,"An excellent cardio product by ZenGear, perfect for enhancing your fitness journey.",Cardio,11.05,ZenGear,"cardio,jump,rope,fitness"
P136,TeaHouse Nutrition Product 136,"An excellent nutrition product by TeaHouse, perfect for enhancing your fitness journey.",Nutrition,43.13,TeaHouse,"resistance,strength,muscle,workout"
P137,IronFit Functional Training Product 137,"An excellent functional training product by IronFit, perfect for enhancing your fitness journey.",Functional Training,64.03,IronFit,"pre-workout,energy,performance,nutrition"
P138,StrongCore Wearables Product 138,"An excellent wearables product by StrongCore, perfect for enhancing your fitness journey.",Wearables,82.01,StrongCore,"resistance,strength,muscle,workout"
P139,RecoveryPro Wearables Product 139,"An excellent wearables product by RecoveryPro, perfect for enhancing your fitness journey.",Wearables,92.45,RecoveryPro,"dumbbells,weights,strength,training"
P140,MuscleFuel Strength Training Product 140,"An excellent strength training product by MuscleFuel, perfect for enhancing your fitness journey.",Strength Training,16.38,MuscleFuel,"protein,whey,muscle,recovery"
P141,CardioMax Home Gym Product 141,"An excellent home gym product by CardioMax, perfect for enhancing your fitness journey.",Home Gym,25.05,CardioMax,"fitness tracker,wearable,heart rate,steps"
P142,FitPro Nutrition Product 142,"An excellent nutrition product by FitPro, perfect for enhancing your fitness journey.",Nutrition,63.43,FitPro,"yoga,mat,workout,wellness"
P143,TrackFit Functional Training Product 143,"An excellent functional training product by TrackFit, perfect for enhancing your fitness journey.",Functional Training,30.1,TrackFit,"cardio,jump,rope,fitness"
P144,MuscleFuel Recovery Product 144,"An excellent recovery product by MuscleFuel, perfect for enhancing your fitness journey.",Recovery,59.51,MuscleFuel,"fitness tracker,wearable,heart rate,steps"
P145,BoostMax Wearables Product 145,"An excellent wearables product by BoostMax, perfect for enhancing your fitness journey.",Wearables,55.11,BoostMax,"kettlebell,weights,training,functional"
P146,StrongCore Cardio Product 146,"An excellent cardio product by StrongCore, perfect for enhancing your fitness journey.",Cardio,97.76,StrongCore,"kettlebell,weights,training,functional"
P147,CardioMax Cardio Product 147,"An excellent cardio product by CardioMax, perfect for enhancing your fitness journey.",Cardio,44.91,CardioMax,"kettlebell,weights,training,functional"
P148,BoostMax Yoga & Wellness Product 148,"An excellent yoga & wellness product by BoostMax, perfect for enhancing your fitness journey.",Yoga & Wellness,19.65,BoostMax,"protein,whey,muscle,recovery"
P149,TrackFit Functional Training Product 149,"An excellent functional training product by TrackFit, perfect for enhancing your fitness journey.",Functional Training,23.42,TrackFit,"yoga,mat,workout,wellness"
P150,RecoveryPro Strength Training Product 150,"An excellent strength training product by RecoveryPro, perfect for enhancing your fitness journey.",Strength Training,30.57,RecoveryPro,"fitness tracker,wearable,heart rate,steps"
P151,TrackFit Nutrition Product 151,"An excellent nutrition product by TrackFit, perfect for enhancing your fitness journey.",Nutrition,21.76,TrackFit,"pre-workout,energy,performance,nutrition"
P152,BoostMax Home Gym Product 152,"An excellent home gym product by BoostMax, perfect for enhancing your fitness journey.",Home Gym,91.61,BoostMax,"yoga,mat,workout,wellness"
P153,TrackFit Nutrition Product 153,"An excellent nutrition product by TrackFit, perfect for enhancing your fitness journey.",Nutrition,18.73,TrackFit,"green tea,metabolism,weight loss,nutrition"
P154,BoostMax Nutrition Product 154,"An excellent nutrition product by BoostMax, perfect for enhancing your fitness journey.",Nutrition,96.9,BoostMax,"cardio,jump,rope,fitness"
P155,ZenGear Wearables Product 155,"An excellent wearables product by ZenGear, perfect for enhancing your fitness journey.",Wearables,43.35,ZenGear,"green tea,metabolism,weight loss,nutrition"
P156,MuscleFuel Recovery Product 156,"An excellent recovery product by MuscleFuel, perfect for enhancing your fitness journey.",Recovery,70.94,MuscleFuel,"protein,whey,muscle,recovery"
P157,RecoveryPro Recovery Product 157,"An excellent recovery product by RecoveryPro, perfect for enhancing your fitness journey.",Recovery,51.29,RecoveryPro,"cardio,jump,rope,fitness"
P158,TrackFit Strength Training Product 158,"An excellent strength training product by TrackFit, perfect for enhancing your fitness journey.",Strength Training,48.26,TrackFit,"kettlebell,weights,training,functional"
P159,BoostMax Wearables Product 159,"An excellent wearables product by BoostMax, perfect for enhancing your fitness journey.",Wearables,71.94,BoostMax,"yoga,mat,workout,wellness"
P160,CardioMax Functional Training Product 160,"An excellent functional training product by CardioMax, perfect for enhancing your fitness journey.",Functional Training,55.69,CardioMax,"green tea,metabolism,weight loss,nutrition"
P161,TeaHouse Functional Training Product 161,"An excellent functional training product by TeaHouse, perfect for enhancing your fitness journey.",Functional Training,44.45,TeaHouse,"green tea,metabolism,weight loss,nutrition"
P162,RecoveryPro Nutrition Product 162,"An excellent nutrition product by RecoveryPro, perfect for enhancing your fitness journey.",Nutrition,13.21,RecoveryPro,"resistance,strength,muscle,workout"
P163,MuscleFuel Wearables Product 163,"An excellent wearables product by MuscleFuel, perfect for enhancing your fitness journey.",Wearables,24.68,MuscleFuel,"fitness tracker,wearable,heart rate,steps"
P164,TeaHouse Yoga & Wellness Product 164,"An excellent yoga & wellness product by TeaHouse, perfect for enhancing your fitness journey.",Yoga & Wellness,51.16,TeaHouse,"fitness tracker,wearable,heart rate,steps"
P165,BoostMax Yoga & Wellness Product 165,"An excellent yoga & wellness product by BoostMax, perfect for enhancing your fitness journey.",Yoga & Wellness,90.74,BoostMax,"yoga,mat,workout,wellness"
P166,TrackFit Wearables Product 166,"An excellent wearables product by TrackFit, perfect for enhancing your fitness journey.",Wearables,41.05,TrackFit,"protein,whey,muscle,recovery"
P167,CardioMax Wearables Product 167,"An excellent wearables product by CardioMax, perfect for enhancing your fitness journey.",Wearables,21.72,CardioMax,"protein,whey,muscle,recovery"
P168,BoostMax Home Gym Product 168,"An excellent home gym product by BoostMax, perfect for enhancing your fitness journey.",Home Gym,70.62,BoostMax,"green tea,metabolism,weight loss,nutrition"
P169,StrongCore Cardio Product 169,"An excellent cardio product by StrongCore, perfect for enhancing your fitness journey.",Cardio,97.2,StrongCore,"resistance,strength,muscle,workout"
P170,CardioMax Recovery Product 170,"An excellent recovery product by CardioMax, perfect for enhancing your fitness journey.",Recovery,11.44,CardioMax,"dumbbells,weights,strength,training"
P171,MuscleFuel Recovery Product 171,"An excellent recovery product by MuscleFuel, perfect for enhancing your fitness journey.",Recovery,94.63,MuscleFuel,"fitness tracker,wearable,heart rate,steps"
P172,StrongCore Wearables Product 172,"An excellent wearables product by StrongCore, perfect for enhancing your fitness journey.",Wearables,51.76,StrongCore,"fitness tracker,wearable,heart rate,steps"
P173,ZenGear Nutrition Product 173,"An excellent nutrition product by ZenGear, perfect for enhancing your fitness journey.",Nutrition,49.76,ZenGear,"cardio,jump,rope,fitness"
P174,RecoveryPro Strength Training Product 174,"An excellent strength training product by RecoveryPro, perfect for enhancing your fitness journey.",Strength Training,87.94,RecoveryPro,"protein,whey,muscle,recovery"
P175,CardioMax Home Gym Product 175,"An excellent home gym product by CardioMax, perfect for enhancing your fitness journey.",Home Gym,36.42,CardioMax,"resistance,strength,muscle,workout"
P176,IronFit Wearables Product 176,"An excellent wearables product by IronFit, perfect for enhancing your fitness journey.",Wearables,75.69,IronFit,"cardio,jump,rope,fitness"
P177,TrackFit Strength Training Product 177,"An excellent strength training product by TrackFit, perfect for enhancing your fitness journey.",Strength Training,79.14,TrackFit,"foam roller,recovery,massage,fitness"
P178,TeaHouse Home Gym Product 178,"An excellent home gym product by TeaHouse, perfect for enhancing your fitness journey.",Home Gym,28.59,TeaHouse,"dumbbells,weights,strength,training"
P179,RecoveryPro Nutrition Product 179,"An excellent nutrition product by RecoveryPro, perfect for enhancing your fitness journey.",Nutrition,80.17,RecoveryPro,"pre-workout,energy,performance,nutrition"
P180,StrongCore Nutrition Product 180,"An excellent nutrition product by StrongCore, perfect for enhancing your fitness journey.",Nutrition,95.17,StrongCore,"green tea,metabolism,weight loss,nutrition"
P181,FitPro Cardio Product 181,"An excellent cardio product by FitPro, perfect for enhancing your fitness journey.",Cardio,80.25,FitPro,"kettlebell,weights,training,functional"
P182,MuscleFuel Home Gym Product 182,"An excellent home gym product by MuscleFuel, perfect for enhancing your fitness journey.",Home Gym,31.16,MuscleFuel,"kettlebell,weights,training,functional"
P183,StrongCore Yoga & Wellness Product 183,"An excellent yoga & wellness product by StrongCore, perfect for enhancing your fitness journey.",Yoga & Wellness,20.04,StrongCore,"dumbbells,weights,strength,training"
P184,IronFit Recovery Product 184,"An excellent recovery product by IronFit, perfect for enhancing your fitness journey.",Recovery,74.48,IronFit,"green tea,metabolism,weight loss,nutrition"
P185,FitPro Wearables Product 185,"An excellent wearables product by FitPro, perfect for enhancing your fitness journey.",Wearables,11.05,FitPro,"cardio,jump,rope,fitness"
P186,RecoveryPro Yoga & Wellness Product 186,"An excellent yoga & wellness product by RecoveryPro, perfect for enhancing your fitness journey.",Yoga & Wellness,84.5,RecoveryPro,"dumbbells,weights,strength,training"
P187,TrackFit Recovery Product 187,"An excellent recovery product by TrackFit, perfect for enhancing your fitness journey.",Recovery,46.11,TrackFit,"protein,whey,muscle,recovery"
P188,IronFit Cardio Product 188,"An excellent cardio product by IronFit, perfect for enhancing your fitness journey.",Cardio,80.7,IronFit,"pre-workout,energy,performance,nutrition"
P189,TeaHouse Functional Training Product 189,"An excellent functional training product by TeaHouse, perfect for enhancing your fitness journey.",Functional Training,24.13,TeaHouse,"green tea,metabolism,weight loss,nutrition"
P190,IronFit Nutrition Product 190,"An excellent nutrition product by IronFit, perfect for enhancing your fitness journey.",Nutrition,14.46,IronFit,"fitness tracker,wearable,heart rate,steps"
P191,FitPro Functional Training Product 191,"An excellent functional training product by FitPro, perfect for enhancing your fitness journey.",Functional Training,29.0,FitPro,"foam roller,recovery,massage,fitness"
P192,TeaHouse Strength Training Product 192,"An excellent strength training product by TeaHouse, perfect for enhancing your fitness journey.",Strength Training,92.67,TeaHouse,"fitness tracker,wearable,heart rate,steps"
P193,ZenGear Home Gym Product 193,"An excellent home gym product by ZenGear, perfect for enhancing your fitness journey.",Home Gym,22.16,ZenGear,"cardio,jump,rope,fitness"
P194,TeaHouse Home Gym Product 194,"An excellent home gym product by TeaHouse, perfect for enhancing your fitness journey.",Home Gym,26.62,TeaHouse,"resistance,strength,muscle,workout"
P195,TeaHouse Cardio Product 195,"An excellent cardio product by TeaHouse, perfect for enhancing your fitness journey.",Cardio,14.84,TeaHouse,"dumbbells,weights,strength,training"
P196,FitPro Recovery Product 196,"An excellent recovery product by FitPro, perfect for enhancing your fitness journey.",Recovery,96.36,FitPro,"green tea,metabolism,weight loss,nutrition"
P197,TrackFit Strength Training Product 197,"An excellent strength training product by TrackFit, perfect for enhancing your fitness journey.",Strength Training,25.62,TrackFit,"dumbbells,weights,strength,training"
P198,BoostMax Functional Training Product 198,"An excellent functional training product by BoostMax, perfect for enhancing your fitness journey.",Functional Training,56.87,BoostMax,"dumbbells,weights,strength,training"
P199,BoostMax Wearables Product 199,"An excellent wearables product by BoostMax, perfect for enhancing your fitness journey.",Wearables,28.85,BoostMax,"green tea,metabolism,weight loss,nutrition"
P200,MuscleFuel Strength Training Product 200,"An excellent strength training product by MuscleFuel, perfect for enhancing your fitness journey.",Strength Training,43.24,MuscleFuel,"dumbbells,weights,strength,training"
P201,MuscleFuel Functional Training Product 201,"An excellent functional training product by MuscleFuel, perfect for enhancing your fitness journey.",Functional Training,58.09,MuscleFuel,"resistance,strength,muscle,workout"
P202,StrongCore Wearables Product 202,"An excellent wearables product by StrongCore, perfect for enhancing your fitness journey.",Wearables,76.13,StrongCore,"foam roller,recovery,massage,fitness"
P203,TrackFit Yoga & Wellness Product 203,"An excellent yoga & wellness product by TrackFit, perfect for enhancing your fitness journey.",Yoga & Wellness,95.14,TrackFit,"cardio,jump,rope,fitness"
P204,ZenGear Nutrition Product 204,"An excellent nutrition product by ZenGear, perfect for enhancing your fitness journey.",Nutrition,58.39,ZenGear,"cardio,jump,rope,fitness"
P205,TeaHouse Yoga & Wellness Product 205,"An excellent yoga & wellness product by TeaHouse, perfect for enhancing your fitness journey.",Yoga & Wellness,12.86,TeaHouse,"green tea,metabolism,weight loss,nutrition"
P206,ZenGear Strength Training Product 206,"An excellent strength training product by ZenGear, perfect for enhancing your fitness journey.",Strength Training,30.81,ZenGear,"kettlebell,weights,training,functional"
P207,FitPro Functional Training Product 207,"An excellent functional training product by FitPro, perfect for enhancing your fitness journey.",Functional Training,29.0,FitPro,"protein,whey,muscle,recovery"
P208,RecoveryPro Nutrition Product 208,"An excellent nutrition product by RecoveryPro, perfect for enhancing your fitness journey.",Nutrition,64.7,RecoveryPro,"kettlebell,weights,training,functional"
P209,RecoveryPro Nutrition Product 209,"An excellent nutrition product by RecoveryPro, perfect for enhancing your fitness journey.",Nutrition,12.29,RecoveryPro,"kettlebell,weights,training,functional"
P210,MuscleFuel Nutrition Product 210,"An excellent nutrition product by MuscleFuel, perfect for enhancing your fitness journey.",Nutrition,86.1,MuscleFuel,"cardio,jump,rope,fitness"
P211,CardioMax Nutrition Product 211,"An excellent nutrition product by CardioMax, perfect for enhancing your fitness journey.",Nutrition,41.84,CardioMax,"pre-workout,energy,performance,nutrition"
P212,StrongCore Cardio Product 212,"An excellent cardio product by StrongCore, perfect for enhancing your fitness journey.",Cardio,86.43,StrongCore,"resistance,strength,muscle,workout"
P213,FitPro Cardio Product 213,"An excellent cardio product by FitPro, perfect for enhancing your fitness journey.",Cardio,66.65,FitPro,"kettlebell,weights,training,functional"
P214,IronFit Recovery Product 214,"An excellent recovery product by IronFit, perfect for enhancing your fitness journey.",Recovery,92.47,IronFit,"foam roller,recovery,massage,fitness"
P215,TeaHouse Nutrition Product 215,"An excellent nutrition product by TeaHouse, perfect for enhancing your fitness journey.",Nutrition,34.08,TeaHouse,"fitness tracker,wearable,heart rate,steps"
P216,StrongCore Strength Training Product 216,"An excellent strength training product by StrongCore, perfect for enhancing your fitness journey.",Strength Training,35.92,StrongCore,"resistance,strength,muscle,workout"
P217,ZenGear Cardio Product 217,"An excellent cardio product by ZenGear, perfect for enhancing your fitness journey.",Cardio,27.9,ZenGear,"yoga,mat,workout,wellness"
P218,IronFit Nutrition Product 218,"An excellent nutrition product by IronFit, perfect for enhancing your fitness journey.",Nutrition,60.81,IronFit,"protein,whey,muscle,recovery"
P219,TeaHouse Home Gym Product 219,"An excellent home gym product by TeaHouse, perfect for enhancing your fitness journey.",Home Gym,13.38,TeaHouse,"cardio,jump,rope,fitness"
P220,MuscleFuel Yoga & Wellness Product 220,"An excellent yoga & wellness product by MuscleFuel, perfect for enhancing your fitness journey.",Yoga & Wellness,55.56,MuscleFuel,"fitness tracker,wearable,heart rate,steps"
P221,TeaHouse Yoga & Wellness Product 221,"An excellent yoga & wellness product by TeaHouse, perfect for enhancing your fitness journey.",Yoga & Wellness,66.98,TeaHouse,"protein,whey,muscle,recovery"
P222,TeaHouse Functional Training Product 222,"An excellent functional training product by TeaHouse, perfect for enhancing your fitness journey.",Functional Training,84.78,TeaHouse,"yoga,mat,workout,wellness"
P223,IronFit Cardio Product 223,"An excellent cardio product by IronFit, perfect for enhancing your fitness journey.",Cardio,46.57,IronFit,"resistance,strength,muscle,workout"
P224,MuscleFuel Wearables Product 224,"An excellent wearables product by MuscleFuel, perfect for enhancing your fitness journey.",Wearables,96.73,MuscleFuel,"dumbbells,weights,strength,training"
P225,IronFit Strength Training Product 225,"An excellent strength training product by IronFit, perfect for enhancing your fitness journey.",Strength Training,79.0,IronFit,"yoga,mat,workout,wellness"
P226,IronFit Yoga & Wellness Product 226,"An excellent yoga & wellness product by IronFit, perfect for enhancing your fitness journey.",Yoga & Wellness,40.39,IronFit,"fitness tracker,wearable,heart rate,steps"
P227,IronFit Home Gym Product 227,"An excellent home gym product by IronFit, perfect for enhancing your fitness journey.",Home Gym,81.28,IronFit,"pre-workout,energy,performance,nutrition"
P228,IronFit Nutrition Product 228,"An excellent nutrition product by IronFit, perfect for enhancing your fitness journey.",Nutrition,19.89,IronFit,"dumbbells,weights,strength,training"
P229,ZenGear Home Gym Product 229,"An excellent home gym product by ZenGear, perfect for enhancing your fitness journey.",Home Gym,44.23,ZenGear,"fitness tracker,wearable,heart rate,steps"
P230,RecoveryPro Recovery Product 230,"An excellent recovery product by RecoveryPro, perfect for enhancing your fitness journey.",Recovery,43.19,RecoveryPro,"dumbbells,weights,strength,training"
P231,StrongCore Strength Training Product 231,"An excellent strength training product by StrongCore, perfect for enhancing your fitness journey.",Strength Training,97.63,StrongCore,"kettlebell,weights,training,functional"
P232,BoostMax Wearables Product 232,"An excellent wearables product by BoostMax, perfect for enhancing your fitness journey.",Wearables,81.44,BoostMax,"cardio,jump,rope,fitness"
P233,CardioMax Functional Training Product 233,"An excellent functional training product by CardioMax, perfect for enhancing your fitness journey.",Functional Training,33.52,CardioMax,"resistance,strength,muscle,workout"
P234,TeaHouse Wearables Product 234,"An excellent wearables product by TeaHouse, perfect for enhancing your fitness journey.",Wearables,46.79,TeaHouse,"foam roller,recovery,massage,fitness"
P235,MuscleFuel Strength Training Product 235,"An excellent strength training product by MuscleFuel, perfect for enhancing your fitness journey.",Strength Training,18.45,MuscleFuel,"fitness tracker,wearable,heart rate,steps"
P236,IronFit Cardio Product 236,"An excellent cardio product by IronFit, perfect for enhancing your fitness journey.",Cardio,53.99,IronFit,"cardio,jump,rope,fitness"
P237,TrackFit Wearables Product 237,"An excellent wearables product by TrackFit, perfect for enhancing your fitness journey.",Wearables,17.17,TrackFit,"fitness tracker,wearable,heart rate,steps"
P238,RecoveryPro Cardio Product 238,"An excellent cardio product by RecoveryPro, perfect for enhancing your fitness journey.",Cardio,95.69,RecoveryPro,"foam roller,recovery,massage,fitness"
P239,MuscleFuel Nutrition Product 239,"An excellent nutrition product by MuscleFuel, perfect for enhancing your fitness journey.",Nutrition,34.9,MuscleFuel,"resistance,strength,muscle,workout"
P240,StrongCore Yoga & Wellness Product 240,"An excellent yoga & wellness product by StrongCore, perfect for enhancing your fitness journey.",Yoga & Wellness,77.87,StrongCore,"protein,whey,muscle,recovery"
P241,CardioMax Wearables Product 241,"An excellent wearables product by CardioMax, perfect for enhancing your fitness journey.",Wearables,16.55,CardioMax,"protein,whey,muscle,recovery"
P242,CardioMax Wearables Product 242,"An excellent wearables product by CardioMax, perfect for enhancing your fitness journey.",Wearables,66.05,CardioMax,"protein,whey,muscle,recovery"
P243,IronFit Nutrition Product 243,"An excellent nutrition product by IronFit, perfect for enhancing your fitness journey.",Nutrition,68.24,IronFit,"foam roller,recovery,massage,fitness"
P244,RecoveryPro Cardio Product 244,"An excellent cardio product by RecoveryPro, perfect for enhancing your fitness journey.",Cardio,70.46,RecoveryPro,"fitness tracker,wearable,heart rate,steps"
P245,ZenGear Yoga & Wellness Product 245,"An excellent yoga & wellness product by ZenGear, perfect for enhancing your fitness journey.",Yoga & Wellness,19.51,ZenGear,"pre-workout,energy,performance,nutrition"
P246,ZenGear Cardio Product 246,"An excellent cardio product by ZenGear, perfect for enhancing your fitness journey.",Cardio,91.27,ZenGear,"green tea,metabolism,weight loss,nutrition"
P247,TrackFit Yoga & Wellness Product 247,"An excellent yoga & wellness product by TrackFit, perfect for enhancing your fitness journey.",Yoga & Wellness,49.55,TrackFit,"kettlebell,weights,training,functional"
P248,CardioMax Nutrition Product 248,"An excellent nutrition product by CardioMax, perfect for enhancing your fitness journey.",Nutrition,28.95,CardioMax,"green tea,metabolism,weight loss,nutrition"
P249,BoostMax Functional Training Product 249,"An excellent functional training product by BoostMax, perfect for enhancing your fitness journey.",Functional Training,47.86,BoostMax,"yoga,mat,workout,wellness"
P250,ZenGear Yoga & Wellness Product 250,"An excellent yoga & wellness product by ZenGear, perfect for enhancing your fitness journey.",Yoga & Wellness,18.07,ZenGear,"kettlebell,weights,training,functional"
P251,StrongCore Yoga & Wellness Product 251,"An excellent yoga & wellness product by StrongCore, perfect for enhancing your fitness journey.",Yoga & Wellness,97.15,StrongCore,"pre-workout,energy,performance,nutrition"
P252,TrackFit Recovery Product 252,"An excellent recovery product by TrackFit, perfect for enhancing your fitness journey.",Recovery,46.06,TrackFit,"fitness tracker,wearable,heart rate,steps"
P253,TrackFit Yoga & Wellness Product 253,"An excellent yoga & wellness product by TrackFit, perfect for enhancing your fitness journey.",Yoga & Wellness,70.71,TrackFit,"resistance,strength,muscle,workout"
P254,CardioMax Wearables Product 254,"An excellent wearables product by CardioMax, perfect for enhancing your fitness journey.",Wearables,28.11,CardioMax,"green tea,metabolism,weight loss,nutrition"
P255,TeaHouse Strength Training Product 255,"An excellent strength training product by TeaHouse, perfect for enhancing your fitness journey.",Strength Training,32.36,TeaHouse,"protein,whey,muscle,recovery"
P256,BoostMax Nutrition Product 256,"An excellent nutrition product by BoostMax, perfect for enhancing your fitness journey.",Nutrition,53.63,BoostMax,"fitness tracker,wearable,heart rate,steps"
P257,BoostMax Recovery Product 257,"An excellent recovery product by BoostMax, perfect for enhancing your fitness journey.",Recovery,65.85,BoostMax,"dumbbells,weights,strength,training"
P258,MuscleFuel Cardio Product 258,"An excellent cardio product by MuscleFuel, perfect for enhancing your fitness journey.",Cardio,12.41,MuscleFuel,"protein,whey,muscle,recovery"
P259,TeaHouse Cardio Product 259,"An excellent cardio product by TeaHouse, perfect for enhancing your fitness journey.",Cardio,43.75,TeaHouse,"yoga,mat,workout,wellness"
P260,CardioMax Home Gym Product 260,"An excellent home gym product by CardioMax, perfect for enhancing your fitness journey.",Home Gym,84.28,CardioMax,"protein,whey,muscle,recovery"
P261,StrongCore Wearables Product 261,"An excellent wearables product by StrongCore, perfect for enhancing your fitness journey.",Wearables,57.15,StrongCore,"yoga,mat,workout,wellness"
P262,MuscleFuel Recovery Product 262,"An excellent recovery product by MuscleFuel, perfect for enhancing your fitness journey.",Recovery,62.55,MuscleFuel,"resistance,strength,muscle,workout"
P263,BoostMax Home Gym Product 263,"An excellent home gym product by BoostMax, perfect for enhancing your fitness journey.",Home Gym,56.51,BoostMax,"foam roller,recovery,massage,fitness"
P264,IronFit Home Gym Product 264,"An excellent home gym product by IronFit, perfect for enhancing your fitness journey.",Home Gym,12.46,IronFit,"cardio,jump,rope,fitness"
P265,IronFit Recovery Product 265,"An excellent recovery product by IronFit, perfect for enhancing your fitness journey.",Recovery,18.96,IronFit,"cardio,jump,rope,fitness"
P266,BoostMax Strength Training Product 266,"An excellent strength training product by BoostMax, perfect for enhancing your fitness journey.",Strength Training,25.17,BoostMax,"green tea,metabolism,weight loss,nutrition"
P267,TeaHouse Cardio Product 267,"An excellent cardio product by TeaHouse, perfect for enhancing your fitness journey.",Cardio,40.33,TeaHouse,"dumbbells,weights,strength,training"
P268,IronFit Wearables Product 268,"An excellent wearables product by IronFit, perfect for enhancing your fitness journey.",Wearables,67.76,IronFit,"green tea,metabolism,weight loss,nutrition"
P269,TrackFit Wearables Product 269,"An excellent wearables product by TrackFit, perfect for enhancing your fitness journey.",Wearables,19.71,TrackFit,"cardio,jump,rope,fitness"
P270,CardioMax Cardio Product 270,"An excellent cardio product by CardioMax, perfect for enhancing your fitness journey.",Cardio,85.39,CardioMax,"green tea,metabolism,weight loss,nutrition"
P271,FitPro Functional Training Product 271,"An excellent functional training product by FitPro, perfect for enhancing your fitness journey.",Functional Training,10.49,FitPro,"fitness tracker,wearable,heart rate,steps"
P272,StrongCore Recovery Product 272,"An excellent recovery product by StrongCore, perfect for enhancing your fitness journey.",Recovery,19.76,StrongCore,"green tea,metabolism,weight loss,nutrition"
P273,CardioMax Cardio Product 273,"An excellent cardio product by CardioMax, perfect for enhancing your fitness journey.",Cardio,31.13,CardioMax,"resistance,strength,muscle,workout"
P274,IronFit Functional Training Product 274,"An excellent functional training product by IronFit, perfect for enhancing your fitness journey.",Functional Training,43.48,IronFit,"resistance,strength,muscle,workout"
P275,CardioMax Wearables Product 275,"An excellent wearables product by CardioMax, perfect for enhancing your fitness journey.",Wearables,50.81,CardioMax,"fitness tracker,wearable,heart rate,steps"
P276,IronFit Recovery Product 276,"An excellent recovery product by IronFit, perfect for enhancing your fitness journey.",Recovery,20.58,IronFit,"dumbbells,weights,strength,training"
P277,FitPro Cardio Product 277,"An excellent cardio product by FitPro, perfect for enhancing your fitness journey.",Cardio,78.79,FitPro,"fitness tracker,wearable,heart rate,steps"
P278,TrackFit Cardio Product 278,"An excellent cardio product by TrackFit, perfect for enhancing your fitness journey.",Cardio,24.0,TrackFit,"kettlebell,weights,training,functional"
P279,TrackFit Yoga & Wellness Product 279,"An excellent yoga & wellness product by TrackFit, perfect for enhancing your fitness journey.",Yoga & Wellness,32.22,TrackFit,"fitness tracker,wearable,heart rate,steps"
P280,RecoveryPro Home Gym Product 280,"An excellent home gym product by RecoveryPro, perfect for enhancing your fitness journey.",Home Gym,85.1,RecoveryPro,"protein,whey,muscle,recovery"
P281,IronFit Home Gym Product 281,"An excellent home gym product by IronFit, perfect for enhancing your fitness journey.",Home Gym,50.59,IronFit,"resistance,strength,muscle,workout"
P282,ZenGear Yoga & Wellness Product 282,"An excellent yoga & wellness product by ZenGear, perfect for enhancing your fitness journey.",Yoga & Wellness,78.93,ZenGear,"dumbbells,weights,strength,training"
P283,ZenGear Home Gym Product 283,"An excellent home gym product by ZenGear, perfect for enhancing your fitness journey.",Home Gym,24.27,ZenGear,"green tea,metabolism,weight loss,nutrition"
P284,BoostMax Functional Training Product 284,"An excellent functional training product by BoostMax, perfect for enhancing your fitness journey.",Functional Training,82.86,BoostMax,"foam roller,recovery,massage,fitness"
P285,MuscleFuel Home Gym Product 285,"An excellent home gym product by MuscleFuel, perfect for enhancing your fitness journey.",Home Gym,11.37,MuscleFuel,"dumbbells,weights,strength,training"
P286,RecoveryPro Functional Training Product 286,"An excellent functional training product by RecoveryPro, perfect for enhancing your fitness journey.",Functional Training,60.53,RecoveryPro,"protein,whey,muscle,recovery"
P287,CardioMax Wearables Product 287,"An excellent wearables product by CardioMax, perfect for enhancing your fitness journey.",Wearables,51.63,CardioMax,"pre-workout,energy,performance,nutrition"
P288,ZenGear Functional Training Product 288,"An excellent functional training product by ZenGear, perfect for enhancing your fitness journey.",Functional Training,30.22,ZenGear,"fitness tracker,wearable,heart rate,steps"
P289,MuscleFuel Nutrition Product 289,"An excellent nutrition product by MuscleFuel, perfect for enhancing your fitness journey.",Nutrition,76.94,MuscleFuel,"dumbbells,weights,strength,training"
P290,ZenGear Cardio Product 290,"An excellent cardio product by ZenGear, perfect for enhancing your fitness journey.",Cardio,30.53,ZenGear,"pre-workout,energy,performance,nutrition"
P291,TeaHouse Yoga & Wellness Product 291,"An excellent yoga & wellness product by TeaHouse, perfect for enhancing your fitness journey.",Yoga & Wellness,73.76,TeaHouse,"fitness tracker,wearable,heart rate,steps"
P292,FitPro Strength Training Product 292,"An excellent strength training product by FitPro, perfect for enhancing your fitness journey.",Strength Training,12.63,FitPro,"kettlebell,weights,training,functional"
P293,IronFit Home Gym Product 293,"An excellent home gym product by IronFit, perfect for enhancing your fitness journey.",Home Gym,28.92,IronFit,"green tea,metabolism,weight loss,nutrition"
P294,ZenGear Recovery Product 294,"An excellent recovery product by ZenGear, perfect for enhancing your fitness journey.",Recovery,73.57,ZenGear,"pre-workout,energy,performance,nutrition"
P295,ZenGear Nutrition Product 295,"An excellent nutrition product by ZenGear, perfect for enhancing your fitness journey.",Nutrition,74.59,ZenGear,"kettlebell,weights,training,functional"
P296,StrongCore Home Gym Product 296,"An excellent home gym product by StrongCore, perfect for enhancing your fitness journey.",Home Gym,21.56,StrongCore,"yoga,mat,workout,wellness"
P297,BoostMax Cardio Product 297,"An excellent cardio product by BoostMax, perfect for enhancing your fitness journey.",Cardio,29.84,BoostMax,"protein,whey,muscle,recovery"
P298,TrackFit Yoga & Wellness Product 298,"An excellent yoga & wellness product by TrackFit, perfect for enhancing your fitness journey.",Yoga & Wellness,77.46,TrackFit,"fitness tracker,wearable,heart rate,steps"
P299,CardioMax Strength Training Product 299,"An excellent strength training product by CardioMax, perfect for enhancing your fitness journey.",Strength Training,68.91,CardioMax,"yoga,mat,workout,wellness"
P300,IronFit Yoga & Wellness Product 300,"An excellent yoga & wellness product by IronFit, perfect for enhancing your fitness journey.",Yoga & Wellness,49.52,IronFit,"protein,whey,muscle,recovery"
P301,ZenGear Recovery Product 301,"An excellent recovery product by ZenGear, perfect for enhancing your fitness journey.",Recovery,27.53,ZenGear,"dumbbells,weights,strength,training"
P302,FitPro Functional Training Product 302,"An excellent functional training product by FitPro, perfect for enhancing your fitness journey.",Functional Training,82.6,FitPro,"protein,whey,muscle,recovery"
P303,MuscleFuel Nutrition Product 303,"An excellent nutrition product by MuscleFuel, perfect for enhancing your fitness journey.",Nutrition,70.89,MuscleFuel,"cardio,jump,rope,fitness"
P304,CardioMax Recovery Product 304,"An excellent recovery product by CardioMax, perfect for enhancing your fitness journey.",Recovery,81.44,CardioMax,"foam roller,recovery,massage,fitness"
P305,BoostMax Cardio Product 305,"An excellent cardio product by BoostMax, perfect for enhancing your fitness journey.",Cardio,95.03,BoostMax,"kettlebell,weights,training,functional"
P306,MuscleFuel Recovery Product 306,"An excellent recovery product by MuscleFuel, perfect for enhancing your fitness journey.",Recovery,60.63,MuscleFuel,"green tea,metabolism,weight loss,nutrition"
P307,BoostMax Functional Training Product 307,"An excellent functional training product by BoostMax, perfect for enhancing your fitness journey.",Functional Training,69.67,BoostMax,"dumbbells,weights,strength,training"
P308,CardioMax Nutrition Product 308,"An excellent nutrition product by CardioMax, perfect for enhancing your fitness journey.",Nutrition,16.23,CardioMax,"pre-workout,energy,performance,nutrition"
P309,StrongCore Nutrition Product 309,"An excellent nutrition product by StrongCore, perfect for enhancing your fitness journey.",Nutrition,88.96,StrongCore,"fitness tracker,wearable,heart rate,steps"
P310,BoostMax Nutrition Product 310,"An excellent nutrition product by BoostMax, perfect for enhancing your fitness journey.",Nutrition,63.33,BoostMax,"green tea,metabolism,weight loss,nutrition"
P311,FitPro Strength Training Product 311,"An excellent strength training product by FitPro, perfect for enhancing your fitness journey.",Strength Training,92.08,FitPro,"green tea,metabolism,weight loss,nutrition"
P312,StrongCore Nutrition Product 312,"An excellent nutrition product by StrongCore, perfect for enhancing your fitness journey.",Nutrition,41.11,StrongCore,"cardio,jump,rope,fitness"
P313,StrongCore Yoga & Wellness Product 313,"An excellent yoga & wellness product by StrongCore, perfect for enhancing your fitness journey.",Yoga & Wellness,15.48,StrongCore,"green tea,metabolism,weight loss,nutrition"
P314,BoostMax Strength Training Product 314,"An excellent strength training product by BoostMax, perfect for enhancing your fitness journey.",Strength Training,37.02,BoostMax,"green tea,metabolism,weight loss,nutrition"
P315,ZenGear Functional Training Product 315,"An excellent functional training product by ZenGear, perfect for enhancing your fitness journey.",Functional Training,84.88,ZenGear,"pre-workout,energy,performance,nutrition"
P316,FitPro Nutrition Product 316,"An excellent nutrition product by FitPro, perfect for enhancing your fitness journey.",Nutrition,93.99,FitPro,"resistance,strength,muscle,workout"
P317,ZenGear Strength Training Product 317,"An excellent strength training product by ZenGear, perfect for enhancing your fitness journey.",Strength Training,83.4,ZenGear,"cardio,jump,rope,fitness"
P318,TrackFit Recovery Product 318,"An excellent recovery product by TrackFit, perfect for enhancing your fitness journey.",Recovery,76.07,TrackFit,"resistance,strength,muscle,workout"
P319,MuscleFuel Recovery Product 319,"An excellent recovery product by MuscleFuel, perfect for enhancing your fitness journey.",Recovery,94.92,MuscleFuel,"fitness tracker,wearable,heart rate,steps"
P320,FitPro Strength Training Product 320,"An excellent strength training product by FitPro, perfect for enhancing your fitness journey.",Strength Training,38.15,FitPro,"cardio,jump,rope,fitness"
P321,TrackFit Functional Training Product 321,"An excellent functional training product by TrackFit, perfect for enhancing your fitness journey.",Functional Training,27.56,TrackFit,"protein,whey,muscle,recovery"
P322,RecoveryPro Yoga & Wellness Product 322,"An excellent yoga & wellness product by RecoveryPro, perfect for enhancing your fitness journey.",Yoga & Wellness,21.72,RecoveryPro,"yoga,mat,workout,wellness"
P323,StrongCore Cardio Product 323,"An excellent cardio product by StrongCore, perfect for enhancing your fitness journey.",Cardio,60.66,StrongCore,"protein,whey,muscle,recovery"
P324,ZenGear Yoga & Wellness Product 324,"An excellent yoga & wellness product by ZenGear, perfect for enhancing your fitness journey.",Yoga & Wellness,86.74,ZenGear,"yoga,mat,workout,wellness"
P325,CardioMax Nutrition Product 325,"An excellent nutrition product by CardioMax, perfect for enhancing your fitness journey.",Nutrition,26.95,CardioMax,"protein,whey,muscle,recovery"
P326,MuscleFuel Functional Training Product 326,"An excellent functional training product by MuscleFuel, perfect for enhancing your fitness journey.",Functional Training,24.87,MuscleFuel,"resistance,strength,muscle,workout"
P327,FitPro Functional Training Product 327,"An excellent functional training product by FitPro, perfect for enhancing your fitness journey.",Functional Training,48.32,FitPro,"kettlebell,weights,training,functional"
P328,TeaHouse Strength Training Product 328,"An excellent strength training product by TeaHouse, perfect for enhancing your fitness journey.",Strength Training,17.41,TeaHouse,"pre-workout,energy,performance,nutrition"
P329,StrongCore Nutrition Product 329,"An excellent nutrition product by StrongCore, perfect for enhancing your fitness journey.",Nutrition,74.25,StrongCore,"dumbbells,weights,strength,training"
P330,FitPro Recovery Product 330,"An excellent recovery product by FitPro, perfect for enhancing your fitness journey.",Recovery,59.84,FitPro,"resistance,strength,muscle,workout"
P331,MuscleFuel Cardio Product 331,"An excellent cardio product by MuscleFuel, perfect for enhancing your fitness journey.",Cardio,29.02,MuscleFuel,"fitness tracker,wearable,heart rate,steps"
P332,RecoveryPro Home Gym Product 332,"An excellent home gym product by RecoveryPro, perfect for enhancing your fitness journey.",Home Gym,35.77,RecoveryPro,"kettlebell,weights,training,functional"
P333,MuscleFuel Home Gym Product 333,"An excellent home gym product by MuscleFuel, perfect for enhancing your fitness journey.",Home Gym,56.96,MuscleFuel,"green tea,metabolism,weight loss,nutrition"
P334,TrackFit Strength Training Product 334,"An excellent strength training product by TrackFit, perfect for enhancing your fitness journey.",Strength Training,52.1,TrackFit,"foam roller,recovery,massage,fitness"
P335,TrackFit Yoga & Wellness Product 335,"An excellent yoga & wellness product by TrackFit, perfect for enhancing your fitness journey.",Yoga & Wellness,74.94,TrackFit,"dumbbells,weights,strength,training"
P336,FitPro Strength Training Product 336,"An excellent strength training product by FitPro, perfect for enhancing your fitness journey.",Strength Training,35.48,FitPro,"dumbbells,weights,strength,training"
P337,MuscleFuel Cardio Product 337,"An excellent cardio product by MuscleFuel, perfect for enhancing your fitness journey.",Cardio,32.6,MuscleFuel,"resistance,strength,muscle,workout"
P338,TeaHouse Wearables Product 338,"An excellent wearables product by TeaHouse, perfect for enhancing your fitness journey.",Wearables,77.82,TeaHouse,"yoga,mat,workout,wellness"
P339,FitPro Nutrition Product 339,"An excellent nutrition product by FitPro, perfect for enhancing your fitness journey.",Nutrition,27.62,FitPro,"dumbbells,weights,strength,training"
P340,CardioMax Strength Training Product 340,"An excellent strength training product by CardioMax, perfect for enhancing your fitness journey.",Strength Training,11.9,CardioMax,"yoga,mat,workout,wellness"
P341,IronFit Cardio Product 341,"An excellent cardio product by IronFit, perfect for enhancing your fitness journey.",Cardio,60.41,IronFit,"kettlebell,weights,training,functional"
P342,StrongCore Wearables Product 342,"An excellent wearables product by StrongCore, perfect for enhancing your fitness journey.",Wearables,84.91,StrongCore,"green tea,metabolism,weight loss,nutrition"
P343,BoostMax Cardio Product 343,"An excellent cardio product by BoostMax, perfect for enhancing your fitness journey.",Cardio,56.51,BoostMax,"fitness tracker,wearable,heart rate,steps"
P344,MuscleFuel Functional Training Product 344,"An excellent functional training product by MuscleFuel, perfect for enhancing your fitness journey.",Functional Training,40.27,MuscleFuel,"cardio,jump,rope,fitness"
P345,MuscleFuel Wearables Product 345,"An excellent wearables product by MuscleFuel, perfect for enhancing your fitness journey.",Wearables,62.13,MuscleFuel,"kettlebell,weights,training,functional"
P346,IronFit Cardio Product 346,"An excellent cardio product by IronFit, perfect for enhancing your fitness journey.",Cardio,76.97,IronFit,"resistance,strength,muscle,workout"
P347,CardioMax Yoga & Wellness Product 347,"An excellent yoga & wellness product by CardioMax, perfect for enhancing your fitness journey.",Yoga & Wellness,62.0,CardioMax,"protein,whey,muscle,recovery"
P348,MuscleFuel Yoga & Wellness Product 348,"An excellent yoga & wellness product by MuscleFuel, perfect for enhancing your fitness journey.",Yoga & Wellness,42.81,MuscleFuel,"green tea,metabolism,weight loss,nutrition"
P349,CardioMax Strength Training Product 349,"An excellent strength training product by CardioMax, perfect for enhancing your fitness journey.",Strength Training,16.97,CardioMax,"kettlebell,weights,training,functional"
P350,IronFit Strength Training Product 350,"An excellent strength training product by IronFit, perfect for enhancing your fitness journey.",Strength Training,59.25,IronFit,"protein,whey,muscle,recovery"
P351,RecoveryPro Recovery Product 351,"An excellent recovery product by RecoveryPro, perfect for enhancing your fitness journey.",Recovery,18.64,RecoveryPro,"yoga,mat,workout,wellness"
P352,StrongCore Wearables Product 352,"An excellent wearables product by StrongCore, perfect for enhancing your fitness journey.",Wearables,37.17,StrongCore,"cardio,jump,rope,fitness"
P353,FitPro Nutrition Product 353,"An excellent nutrition product by FitPro, perfect for enhancing your fitness journey.",Nutrition,22.85,FitPro,"foam roller,recovery,massage,fitness"
P354,FitPro Nutrition Product 354,"An excellent nutrition product by FitPro, perfect for enhancing your fitness journey.",Nutrition,21.51,FitPro,"green tea,metabolism,weight loss,nutrition"
P355,ZenGear Nutrition Product 355,"An excellent nutrition product by ZenGear, perfect for enhancing your fitness journey.",Nutrition,43.93,ZenGear,"green tea,metabolism,weight loss,nutrition"
P356,StrongCore Recovery Product 356,"An excellent recovery product by StrongCore, perfect for enhancing your fitness journey.",Recovery,66.1,StrongCore,"fitness tracker,wearable,heart rate,steps"
P357,TrackFit Yoga & Wellness Product 357,"An excellent yoga & wellness product by TrackFit, perfect for enhancing your fitness journey.",Yoga & Wellness,64.41,TrackFit,"foam roller,recovery,massage,fitness"
P358,ZenGear Wearables Product 358,"An excellent wearables product by ZenGear, perfect for enhancing your fitness journey.",Wearables,96.85,ZenGear,"dumbbells,weights,strength,training"
P359,MuscleFuel Wearables Product 359,"An excellent wearables product by MuscleFuel, perfect for enhancing your fitness journey.",Wearables,22.65,MuscleFuel,"green tea,metabolism,weight loss,nutrition"
P360,CardioMax Home Gym Product 360,"An excellent home gym product by CardioMax, perfect for enhancing your fitness journey.",Home Gym,93.17,CardioMax,"protein,whey,muscle,recovery"
P361,BoostMax Functional Training Product 361,"An excellent functional training product by BoostMax, perfect for enhancing your fitness journey.",Functional Training,53.84,BoostMax,"kettlebell,weights,training,functional"
P362,CardioMax Recovery Product 362,"An excellent recovery product by CardioMax, perfect for enhancing your fitness journey.",Recovery,24.56,CardioMax,"pre-workout,energy,performance,nutrition"
P363,BoostMax Home Gym Product 363,"An excellent home gym product by BoostMax, perfect for enhancing your fitness journey.",Home Gym,41.11,BoostMax,"kettlebell,weights,training,functional"
P364,MuscleFuel Cardio Product 364,"An excellent cardio product by MuscleFuel, perfect for enhancing your fitness journey.",Cardio,23.26,MuscleFuel,"foam roller,recovery,massage,fitness"
P365,TrackFit Functional Training Product 365,"An excellent functional training product by TrackFit, perfect for enhancing your fitness journey.",Functional Training,12.08,TrackFit,"green tea,metabolism,weight loss,nutrition"
P366,TrackFit Strength Training Product 366,"An excellent strength training product by TrackFit, perfect for enhancing your fitness journey.",Strength Training,31.62,TrackFit,"dumbbells,weights,strength,training"
P367,CardioMax Yoga & Wellness Product 367,"An excellent yoga & wellness product by CardioMax, perfect for enhancing your fitness journey.",Yoga & Wellness,35.63,CardioMax,"green tea,metabolism,weight loss,nutrition"
P368,BoostMax Wearables Product 368,"An excellent wearables product by BoostMax, perfect for enhancing your fitness journey.",Wearables,71.77,BoostMax,"protein,whey,muscle,recovery"
P369,ZenGear Yoga & Wellness Product 369,"An excellent yoga & wellness product by ZenGear, perfect for enhancing your fitness journey.",Yoga & Wellness,23.56,ZenGear,"dumbbells,weights,strength,training"
P370,RecoveryPro Nutrition Product 370,"An excellent nutrition product by RecoveryPro, perfect for enhancing your fitness journey.",Nutrition,98.89,RecoveryPro,"pre-workout,energy,performance,nutrition"
P371,MuscleFuel Nutrition Product 371,"An excellent nutrition product by MuscleFuel, perfect for enhancing your fitness journey.",Nutrition,62.28,MuscleFuel,"dumbbells,weights,strength,training"
P372,FitPro Recovery Product 372,"An excellent recovery product by FitPro, perfect for enhancing your fitness journey.",Recovery,62.14,FitPro,"fitness tracker,wearable,heart rate,steps"
P373,CardioMax Nutrition Product 373,"An excellent nutrition product by CardioMax, perfect for enhancing your fitness journey.",Nutrition,83.98,CardioMax,"green tea,metabolism,weight loss,nutrition"
P374,TrackFit Cardio Product 374,"An excellent cardio product by TrackFit, perfect for enhancing your fitness journey.",Cardio,68.49,TrackFit,"green tea,metabolism,weight loss,nutrition"
P375,CardioMax Recovery Product 375,"An excellent recovery product by CardioMax, perfect for enhancing your fitness journey.",Recovery,30.08,CardioMax,"green tea,metabolism,weight loss,nutrition"
P376,CardioMax Functional Training Product 376,"An excellent functional training product by CardioMax, perfect for enhancing your fitness journey.",Functional Training,21.99,CardioMax,"protein,whey,muscle,recovery"
P377,StrongCore Wearables Product 377,"An excellent wearables product by StrongCore, perfect for enhancing your fitness journey.",Wearables,39.58,StrongCore,"protein,whey,muscle,recovery"
P378,CardioMax Strength Training Product 378,"An excellent strength training product by CardioMax, perfect for enhancing your fitness journey.",Strength Training,95.09,CardioMax,"cardio,jump,rope,fitness"
P379,MuscleFuel Functional Training Product 379,"An excellent functional training product by MuscleFuel, perfect for enhancing your fitness journey.",Functional Training,90.2,MuscleFuel,"foam roller,recovery,massage,fitness"
P380,FitPro Functional Training Product 380,"An excellent functional training product by FitPro, perfect for enhancing your fitness journey.",Functional Training,15.37,FitPro,"dumbbells,weights,strength,training"
P381,ZenGear Functional Training Product 381,"An excellent functional training product by ZenGear, perfect for enhancing your fitness journey.",Functional Training,24.63,ZenGear,"dumbbells,weights,strength,training"
P382,IronFit Wearables Product 382,"An excellent wearables product by IronFit, perfect for enhancing your fitness journey.",Wearables,12.83,IronFit,"kettlebell,weights,training,functional"
P383,MuscleFuel Strength Training Product 383,"An excellent strength training product by MuscleFuel, perfect for enhancing your fitness journey.",Strength Training,30.62,MuscleFuel,"pre-workout,energy,performance,nutrition"
P384,CardioMax Recovery Product 384,"An excellent recovery product by CardioMax, perfect for enhancing your fitness journey.",Recovery,18.1,CardioMax,"pre-workout,energy,performance,nutrition"
P385,IronFit Functional Training Product 385,"An excellent functional training product by IronFit, perfect for enhancing your fitness journey.",Functional Training,33.9,IronFit,"foam roller,recovery,massage,fitness"
P386,CardioMax Recovery Product 386,"An excellent recovery product by CardioMax, perfect for enhancing your fitness journey.",Recovery,51.62,CardioMax,"foam roller,recovery,massage,fitness"
P387,MuscleFuel Wearables Product 387,"An excellent wearables product by MuscleFuel, perfect for enhancing your fitness journey.",Wearables,35.71,MuscleFuel,"resistance,strength,muscle,workout"
P388,TrackFit Strength Training Product 388,"An excellent strength training product by TrackFit, perfect for enhancing your fitness journey.",Strength Training,15.88,TrackFit,"foam roller,recovery,massage,fitness"
P389,BoostMax Home Gym Product 389,"An excellent home gym product by BoostMax, perfect for enhancing your fitness journey.",Home Gym,95.39,BoostMax,"fitness tracker,wearable,heart rate,steps"
P390,ZenGear Yoga & Wellness Product 390,"An excellent yoga & wellness product by ZenGear, perfect for enhancing your fitness journey.",Yoga & Wellness,38.86,ZenGear,"green tea,metabolism,weight loss,nutrition"
P391,TeaHouse Functional Training Product 391,"An excellent functional training product by TeaHouse, perfect for enhancing your fitness journey.",Functional Training,78.09,TeaHouse,"protein,whey,muscle,recovery"
P392,TeaHouse Yoga & Wellness Product 392,"An excellent yoga & wellness product by TeaHouse, perfect for enhancing your fitness journey.",Yoga & Wellness,95.35,TeaHouse,"pre-workout,energy,performance,nutrition"
P393,RecoveryPro Recovery Product 393,"An excellent recovery product by RecoveryPro, perfect for enhancing your fitness journey.",Recovery,40.73,RecoveryPro,"foam roller,recovery,massage,fitness"
P394,TeaHouse Recovery Product 394,"An excellent recovery product by TeaHouse, perfect for enhancing your fitness journey.",Recovery,16.82,TeaHouse,"dumbbells,weights,strength,training"
P395,StrongCore Home Gym Product 395,"An excellent home gym product by StrongCore, perfect for enhancing your fitness journey.",Home Gym,88.06,StrongCore,"foam roller,recovery,massage,fitness"
P396,TrackFit Strength Training Product 396,"An excellent strength training product by TrackFit, perfect for enhancing your fitness journey.",Strength Training,36.64,TrackFit,"kettlebell,weights,training,functional"
P397,StrongCore Recovery Product 397,"An excellent recovery product by StrongCore, perfect for enhancing your fitness journey.",Recovery,96.84,StrongCore,"yoga,mat,workout,wellness"
P398,BoostMax Wearables Product 398,"An excellent wearables product by BoostMax, perfect for enhancing your fitness journey.",Wearables,62.45,BoostMax,"fitness tracker,wearable,heart rate,steps"
P399,StrongCore Cardio Product 399,"An excellent cardio product by StrongCore, perfect for enhancing your fitness journey.",Cardio,55.48,StrongCore,"cardio,jump,rope,fitness"
P400,ZenGear Strength Training Product 400,"An excellent strength training product by ZenGear, perfect for enhancing your fitness journey.",Strength Training,30.02,ZenGear,"pre-workout,energy,performance,nutrition"
